{"stats":{"minecraft:used":{"magistuarmory:platemail_leggings":1,"simplyswords:whisperwind":2,"minecraft:water_bucket":1,"minecraft:glowstone":17,"magistuarmory:gothic_boots":1,"magistuarmory:armet":1,"magistuarmory:gothic_chestplate":1},"minecraft:custom":{"minecraft:jump":82,"minecraft:time_since_rest":49086,"minecraft:damage_dealt":180,"minecraft:leave_game":2,"minecraft:play_time":49086,"minecraft:sprint_one_cm":14355,"minecraft:time_since_death":49086,"minecraft:walk_one_cm":9595,"minecraft:sneak_time":7,"minecraft:total_world_time":49086,"minecraft:fall_one_cm":1521,"minecraft:fly_one_cm":37086}},"DataVersion":3465}