{"stats":{"minecraft:custom":{"minecraft:jump":74,"minecraft:time_since_rest":6337,"minecraft:damage_dealt":180,"minecraft:leave_game":1,"minecraft:sprint_one_cm":13581,"minecraft:play_time":6337,"minecraft:time_since_death":6337,"minecraft:walk_one_cm":6835,"minecraft:sneak_time":7,"minecraft:total_world_time":6337,"minecraft:fall_one_cm":1521,"minecraft:fly_one_cm":31648},"minecraft:used":{"magistuarmory:platemail_leggings":1,"simplyswords:whisperwind":2,"minecraft:water_bucket":1,"minecraft:glowstone":17,"magistuarmory:gothic_boots":1,"magistuarmory:armet":1,"magistuarmory:gothic_chestplate":1}},"DataVersion":3465}