{"stats":{"minecraft:used":{"magistuarmory:platemail_leggings":1,"simplyswords:whisperwind":2,"minecraft:water_bucket":1,"minecraft:glowstone":17,"magistuarmory:gothic_boots":1,"magistuarmory:armet":1,"magistuarmory:gothic_chestplate":1},"minecraft:custom":{"minecraft:jump":82,"minecraft:time_since_rest":51409,"minecraft:walk_on_water_one_cm":2156,"minecraft:crouch_one_cm":135,"minecraft:damage_dealt":180,"minecraft:leave_game":3,"minecraft:play_time":51409,"minecraft:sprint_one_cm":14355,"minecraft:time_since_death":51409,"minecraft:walk_one_cm":11938,"minecraft:sneak_time":690,"minecraft:total_world_time":51409,"minecraft:walk_under_water_one_cm":3048,"minecraft:fall_one_cm":1521,"minecraft:fly_one_cm":47684}},"DataVersion":3465}